﻿{
  "physicalResources": [
    {
      "resourceId": 1,
      "rentalPerHour": 20,
      "itemName": "MAHJONG TABLE + 4 CHAIRS",
      "itemCategory": {
        "itemCategoryId": 2,
        "itemCategoryName": "INDOOR"
      }
    },
    {
      "resourceId": 2,
      "rentalPerHour": 20,
      "itemName": "PLANTS",
      "itemCategory": {
        "itemCategoryId": 1,
        "itemCategoryName": "OUTDOOR"
      }
    },
    {
      "resourceId": 3,
      "rentalPerHour": 20,
      "itemName": "BBQ PIT",
      "itemCategory": {
        "itemCategoryId": 1,
        "itemCategoryName": "OUTDOOR"
      }
    }
  ],
  "assistantResources": [
    {
      "resourceId": 4,
      "rentalPerHour": 50,
      "name": "BARTENDER",
      "serviceTypes": [
        {
          "serviceTypeId": 1,
          "serviceTypeName": "COCKTAIL MIXING"
        },
        {
          "serviceTypeId": 2,
          "serviceTypeName": "POP UP"
        }
      ]
    },
    {
      "resourceId": 5,
      "rentalPerHour": 50,
      "name": "MC",
      "serviceTypes": [
        {
          "serviceTypeId": 3,
          "serviceTypeName": "HOSTING"
        },
        {
          "serviceTypeId": 4,
          "serviceTypeName": "SINGING"
        }
      ]
    }
  ],
  "serviceTypes":[
    {
      "serviceTypeId": 1,
      "serviceTypeName": "COCKTAIL MIXING"
    },
    {
      "serviceTypeId": 2,
      "serviceTypeName": "POP UP"
    },
    {
      "serviceTypeId": 3,
      "serviceTypeName": "HOSTING"
    },
    {
      "serviceTypeId": 4,
      "serviceTypeName": "SINGING"
    }
  ],
  "itemCategories":[
    {
      "itemCategoryId": 1,
      "itemCategoryName": "OUTDOOR"
    },
    {
      "itemCategoryId": 2,
      "itemCategoryName": "INDOOR"
    }
  ]
}
